step,global_seqlen/min,global_seqlen/max,global_seqlen/minmax_diff,global_seqlen/balanced_min,global_seqlen/balanced_max,global_seqlen/mean,actor/entropy,perf/mfu/actor_infer,actor/pg_loss,actor/kl_loss,actor/pg_clipfrac,actor/ppo_kl,actor/pg_clipfrac_lower,actor/grad_norm,perf/mfu/actor,perf/max_memory_allocated_gb,perf/max_memory_reserved_gb,perf/cpu_memory_used_gb,actor/lr,training/global_step,training/epoch,critic/score/mean,critic/score/max,critic/score/min,critic/rewards/mean,critic/rewards/max,critic/rewards/min,critic/advantages/mean,critic/advantages/max,critic/advantages/min,critic/returns/mean,critic/returns/max,critic/returns/min,response_length/mean,response_length/max,response_length/min,response_length/clip_ratio,response_length_non_aborted/mean,response_length_non_aborted/max,response_length_non_aborted/min,response_length_non_aborted/clip_ratio,response/aborted_ratio,prompt_length/mean,prompt_length/max,prompt_length/min,prompt_length/clip_ratio,num_turns/min,num_turns/max,num_turns/mean,timing_s/start_profile,timing_s/agent_loop/num_preempted/mean,timing_s/agent_loop/generate_sequences/min,timing_s/agent_loop/generate_sequences/max,timing_s/agent_loop/generate_sequences/mean,timing_s/agent_loop/tool_calls/min,timing_s/agent_loop/tool_calls/max,timing_s/agent_loop/tool_calls/mean,timing_s/agent_loop/slowest/generate_sequences,timing_s/agent_loop/slowest/tool_calls,timing_s/agent_loop/slowest/prompt_length,timing_s/agent_loop/slowest/response_length,timing_s/gen,timing_s/reward,timing_s/old_log_prob,timing_s/adv,timing_s/update_actor,timing_s/step,timing_s/stop_profile,timing_per_token_ms/adv,timing_per_token_ms/gen,timing_per_token_ms/update_actor,perf/total_num_tokens,perf/time_per_step,perf/throughput,1,val-aux/num_turns/min,val-aux/num_turns/max,val-aux/num_turns/mean,timing_s/testing,timing_s/save_checkpoint
1,42574.0,50184.0,7610.0,45976.0,45977.0,45976.9375,0.2536911070346832,0.0,0.000609430338954553,0.0,0.0,0.0,0.0,0.41960108280181885,0.26480554003759615,156.73082160949707,162.8828125,67.34158134460449,1.0,1.0,0.0,0.7177734375,1.0,0.0,0.7177734375,1.0,0.0,-0.0008606386836618185,2.4748666286468506,-2.4748666286468506,-0.0008606386836618185,2.4748666286468506,-2.4748666286468506,252.58544921875,512.0,86.0,0.0185546875,252.58544921875,512.0,86.0,0.0185546875,0.0,106.609375,222.0,73.0,0.0,2.0,2.0,2.0,0.0004271360003258451,-1.0,2.379889974999969,16.202173055964522,8.689053521851104,0.0,0.0,0.0,16.202173055964522,0.0,110.0,512.0,312.5102138559996,9.419199977855897e-05,8.535225044000072,0.0439317159998609,15.572275866000382,336.927987004,4.268100019544363e-05,5.9719772548819854e-05,0.6041237859557885,0.02116859657355438,735631.0,336.927987004,136.45924136143122,,,,,,
2,40349.0,55132.0,14783.0,46948.0,46949.0,46948.5625,0.20674866437911987,0.0,0.010956721795082558,0.0,0.0,0.0,0.0,0.06475303322076797,0.312855747756899,172.8574481010437,178.77734375,67.551513671875,1.0,2.0,0.0,0.93212890625,1.0,0.0,0.93212890625,1.0,0.0,-0.011029896326363087,1.6201815605163574,-2.4748666286468506,-0.011029896326363087,1.6201815605163574,-2.4748666286468506,262.28564453125,512.0,85.0,0.01611328125,262.28564453125,512.0,85.0,0.01611328125,0.0,104.5,201.0,65.0,0.0,2.0,2.0,2.0,6.132199996500276e-05,-1.0,5.343561485002283,22.405106140009593,14.882226949043194,0.0,0.0,0.0,22.405106140009593,0.0,107.0,512.0,30.76678292900033,9.63830007094657e-05,6.99609150500055,0.043797338000331365,13.303822736000257,51.36848314399958,5.2303000302345026e-05,5.830495076437559e-05,0.05727665062988625,0.017710636422574515,751177.0,51.36848314399958,913.9565668776054,,,,,,
3,36254.0,42240.0,5986.0,40078.0,40079.0,40078.5,0.21779514849185944,0.0,0.004316645721701207,0.0,0.0,0.0,0.0,0.057892464101314545,0.3118415374173621,172.8574481010437,178.77734375,67.52310180664062,1.0,3.0,0.0,0.93212890625,1.0,0.0,0.93212890625,1.0,0.0,-0.0042447904124855995,2.4748666286468506,-2.4748666286468506,-0.0042447904124855995,2.4748666286468506,-2.4748666286468506,209.40234375,512.0,76.0,0.00341796875,209.40234375,512.0,76.0,0.00341796875,0.0,103.7109375,178.0,69.0,0.0,2.0,2.0,2.0,4.948900004819734e-05,-1.0,4.500705359969288,18.099548157013487,11.438193771520393,0.0,0.0,0.0,18.099548157013487,0.0,158.0,512.0,26.941712441000163,9.345699982077349e-05,6.597307529999853,0.04368406000048708,11.42841288299951,45.261340582999765,4.913700013275957e-05,6.812265304416189e-05,0.06282228170061784,0.017821919612447307,641256.0,45.261340582999765,885.490784933877,,,,,,
4,40214.0,47796.0,7582.0,44246.0,44249.0,44247.375,0.15627452731132507,0.0,0.007837266210117377,0.0,0.0,0.0,0.0,0.06178634986281395,0.3135620111596347,172.8574481010437,178.77734375,67.53782081604004,1.0,4.0,0.0,0.9189453125,1.0,0.0,0.9189453125,1.0,0.0,-0.007807186339050531,2.4748666286468506,-2.4748666286468506,-0.007807186339050531,2.4748666286468506,-2.4748666286468506,240.6943359375,512.0,59.0,0.0126953125,240.6943359375,512.0,59.0,0.0126953125,0.0,104.98828125,215.0,68.0,0.0,2.0,2.0,2.0,6.0874999689986e-05,-1.0,3.921836702967994,20.897877548995893,13.377817424758451,0.0,0.0,0.0,20.897877548995893,0.0,115.0,512.0,29.360614371000338,0.0001169339993793983,6.837872595999215,0.04562830899976689,12.510822831000041,49.007162980999965,4.773700038640527e-05,6.445058746389882e-05,0.05956200601896438,0.017671702037409056,707958.0,49.007162980999965,902.8756677295249,,,,,,
5,37080.0,47477.0,10397.0,43086.0,43088.0,43087.3125,0.11252139508724213,0.0,0.0015361011173808947,0.0,0.0,0.0,0.0,0.4361213445663452,0.31908034023247434,172.8574481010437,178.77734375,67.50039482116699,1.0,5.0,0.0,0.95703125,1.0,0.0,0.95703125,1.0,0.0,-0.0016381980385631323,1.6201815605163574,-2.4748666286468506,-0.0016381980385631323,1.6201815605163574,-2.4748666286468506,234.35791015625,512.0,98.0,0.001953125,234.35791015625,512.0,98.0,0.001953125,0.0,102.26171875,256.0,66.0,0.0,2.0,2.0,2.0,5.594200047198683e-05,-1.0,6.177297289999842,19.297876122999696,13.393997588828618,0.0,0.0,0.0,19.297876122999696,0.0,130.0,512.0,28.096884340000543,0.0001001919999907841,6.7779567090001365,0.04436913799963804,11.982018918999529,47.1528594170004,6.33449999440927e-05,6.435934301953453e-05,0.05853944420947474,0.017380433797941578,689397.0,47.1528594170004,913.7794193763228,,,,,,
6,38325.0,46654.0,8329.0,43693.0,43694.0,43693.6875,0.07402429729700089,0.0,0.005496549250892713,0.0,0.0,0.0,0.0,0.039807625114917755,0.3168086418227517,172.8574481010437,178.77734375,67.50104713439941,1.0,6.0,0.0,0.9677734375,1.0,0.0,0.9677734375,1.0,0.0,-0.005481855943799019,2.4748666286468506,-2.4748666286468506,-0.005481855943799019,2.4748666286468506,-2.4748666286468506,237.32958984375,512.0,93.0,0.0146484375,237.32958984375,512.0,93.0,0.0146484375,0.0,104.02734375,177.0,72.0,0.0,2.0,2.0,2.0,5.4848000218044035e-05,-1.0,5.794711805006955,22.65818979100004,13.206089886276043,0.0,0.0,0.0,22.65818979100004,0.0,108.0,512.0,31.671919802000048,9.720500020193867e-05,6.810198352000043,0.04386048399919673,12.232858938999925,51.017906645999574,4.042900036438368e-05,6.273858780973328e-05,0.06516172130496604,0.017498035241074475,699099.0,51.017906645999574,856.4382659441421,,,,,,
7,40734.0,47919.0,7185.0,43848.0,43850.0,43849.4375,0.08597289025783539,0.0,0.002279068601637846,0.0,0.0,0.0,0.0,0.06274522840976715,0.3144377584692276,172.8574481010437,178.77734375,67.5217137336731,1.0,7.0,0.0,0.96728515625,1.0,0.0,0.96728515625,1.0,0.0,-0.002418253570795059,2.4748666286468506,-2.4748666286468506,-0.002418253570795059,2.4748666286468506,-2.4748666286468506,236.38232421875,512.0,85.0,0.0029296875,236.38232421875,512.0,85.0,0.0029296875,0.0,106.19140625,211.0,63.0,0.0,2.0,2.0,2.0,5.099299960420467e-05,-1.0,5.391085995011963,19.31936407100875,13.345915702911256,0.0,0.0,0.0,19.31936407100875,0.0,104.0,512.0,27.891815527999825,9.47700000324403e-05,6.796907649999412,0.043562474000282236,12.368523951000498,47.35401425500004,4.812499992112862e-05,6.209098178323587e-05,0.05761450478919054,0.01762925116057717,701591.0,47.35401425500004,925.9919816696428,,,,,,
8,40374.0,46094.0,5720.0,43416.0,43418.0,43417.375,0.09087413549423218,0.0,0.002157375474780565,0.0,0.0,0.0,0.0,0.10549592971801758,0.3104933141587036,172.8574481010437,178.77734375,67.54965019226074,1.0,8.0,0.0,0.93896484375,1.0,0.0,0.93896484375,1.0,0.0,-0.0021697343327105045,2.4748666286468506,-2.4748666286468506,-0.0021697343327105045,2.4748666286468506,-2.4748666286468506,236.2333984375,512.0,86.0,0.0009765625,236.2333984375,512.0,86.0,0.0009765625,0.0,102.96484375,168.0,67.0,0.0,2.0,2.0,2.0,7.282800015673274e-05,-1.0,5.6233162770513445,18.539373765001073,13.293799566787074,0.0,0.0,0.0,18.539373765001073,0.0,108.0,512.0,26.835313946000497,0.00010068299980048323,6.775378864999766,0.043805578000501555,12.399175415000173,46.304211417999795,5.682399932993576e-05,6.30588243769078e-05,0.05546709620385133,0.017848809685926677,694678.0,46.304211417999795,937.6549922869954,,,,,,
9,38996.0,47322.0,8326.0,42975.0,42976.0,42975.1875,0.08996348083019257,0.0,0.0007580212568427669,0.0,0.0,0.0,0.0,0.029488086700439453,0.31503439470281,172.8574481010437,178.77734375,67.5076847076416,1.0,9.0,0.0,0.97265625,1.0,0.0,0.97265625,1.0,0.0,-0.0007137880311347544,2.4748666286468506,-2.4748666286468506,-0.0007137880311347544,2.4748666286468506,-2.4748666286468506,231.45458984375,475.0,108.0,0.0,231.45458984375,475.0,108.0,0.0,0.0,104.2890625,172.0,66.0,0.0,2.0,2.0,2.0,6.09480002822238e-05,-1.0,6.766375217994209,17.676891818002332,13.266904193411078,0.0,0.0,0.0,17.676891818002332,0.0,106.0,475.0,26.248754084999746,9.300800047640223e-05,6.723161750000145,0.045053167000332905,12.104550421000567,45.37806709199958,5.6448000577802304e-05,6.55220628768823e-05,0.05537489865385089,0.01760398139769688,687603.0,45.37806709199958,947.0475552180753,,,,,,
10,38043.0,44812.0,6769.0,42396.0,42397.0,42396.375,0.0992385596036911,0.0,4.937021276418818e-05,0.0,0.0,0.0,0.0,0.029531124979257584,0.3107728014437048,172.8574481010437,178.77734375,67.48776245117188,1.0,10.0,0.0,0.96826171875,1.0,0.0,0.96826171875,1.0,0.0,-2.0500914615695365e-05,2.4748666286468506,-2.4748666286468506,-2.0500914615695365e-05,2.4748666286468506,-2.4748666286468506,226.6943359375,483.0,93.0,0.0,226.6943359375,483.0,93.0,0.0,0.0,104.52734375,196.0,69.0,0.0,2.0,2.0,2.0,6.175999988045078e-05,-1.0,5.746070985000188,17.673328031999517,13.183526425987129,0.0,0.0,0.0,17.673328031999517,0.0,112.0,483.0,26.647979975000453,9.716000022308435e-05,6.702266952000173,0.04355138800019631,12.09801323099964,45.742814387999715,4.562300000543473e-05,6.42027001132118e-05,0.057397591864648705,0.01783468107680144,678342.0,45.742814387999715,926.8422935323886,0.9552691432903715,2.0,2.0,2.0,24.94537399300043,29.699727024999447
11,39212.0,45819.0,6607.0,42081.0,42083.0,42082.25,0.10784780234098434,0.0,0.002239158049633261,0.0,0.0,0.0,0.0,0.03173954039812088,0.31832817994592333,172.8574481010437,178.77734375,68.8931155204773,1.0,11.0,0.0,0.95849609375,1.0,0.0,0.95849609375,1.0,0.0,-0.0022251284681260586,2.4748666286468506,-2.4748666286468506,-0.0022251284681260586,2.4748666286468506,-2.4748666286468506,224.634765625,512.0,88.0,0.00244140625,224.634765625,512.0,88.0,0.00244140625,0.0,104.1328125,206.0,69.0,0.0,2.0,2.0,2.0,5.791500007035211e-05,-1.0,5.570552798977587,18.147223705018405,12.784358145613467,0.0,0.0,0.0,18.147223705018405,0.0,92.0,512.0,24.654562132999672,0.00010595599997031968,6.759200864000377,0.04391294800007017,11.75293148899982,43.458126126000025,4.936699951940682e-05,6.521892840816225e-05,0.0535908161099173,0.017455298090346613,673316.0,43.458126126000025,968.3401874712479,,,,,,
12,38189.0,46128.0,7939.0,41177.0,41178.0,41177.875,0.10720592737197876,0.0,0.0010811856773216277,0.0,0.0,0.0,0.0,0.03948689252138138,0.3236625446717034,172.8574481010437,178.77734375,68.50465774536133,1.0,12.0,0.0,0.97265625,1.0,0.0,0.97265625,1.0,0.0,-0.0010958650382235646,2.4748666286468506,-2.4748666286468506,-0.0010958650382235646,2.4748666286468506,-2.4748666286468506,220.6943359375,502.0,95.0,0.0,220.6943359375,502.0,95.0,0.0,0.0,101.0078125,201.0,64.0,0.0,2.0,2.0,2.0,7.061099950078642e-05,-1.0,5.978270727035124,16.94514338899171,12.259497793601644,0.0,0.0,0.0,16.94514338899171,0.0,117.0,502.0,25.568484377999994,8.866600001056213e-05,6.8738030639997305,0.04361205799978052,11.29280628000015,44.0333938370004,4.1076999877986964e-05,6.619461604044119e-05,0.056569696089667276,0.01714028206895109,658846.0,44.0333938370004,935.1510617698297,,,,,,
13,39141.0,47674.0,8533.0,43133.0,43134.0,43133.5,0.09767788648605347,0.0,0.0007107374112820253,0.0,0.0,0.0,0.0,0.03818484768271446,0.3198844349760274,172.8574481010437,178.77734375,68.31539368629456,1.0,13.0,0.0,0.97607421875,1.0,0.0,0.97607421875,1.0,0.0,-0.000793477229308337,2.4748666286468506,-2.4748666286468506,-0.000793477229308337,2.4748666286468506,-2.4748666286468506,232.91796875,512.0,97.0,0.00439453125,232.91796875,512.0,97.0,0.00439453125,0.0,104.0625,171.0,73.0,0.0,2.0,2.0,2.0,5.496099947777111e-05,-1.0,6.391575835994445,19.517268550000153,13.438914655998648,0.0,0.0,0.0,19.517268550000153,0.0,102.0,512.0,27.965331117999995,9.815100020205136e-05,7.027172181999958,0.04370769599972846,11.981543324000086,47.26993021100043,6.307700004981598e-05,6.333200412632939e-05,0.05862556207338956,0.01736113363742811,690136.0,47.26993021100043,912.4934140470168,,,,,,
14,37399.0,43529.0,6130.0,40550.0,40552.0,40551.0,0.10610327124595642,0.0,0.0016769804678915534,0.0,0.0,0.0,0.0,0.0394626259803772,0.3192989803037082,172.8574481010437,178.77734375,68.35007667541504,1.0,14.0,0.0,0.97509765625,1.0,0.0,0.97509765625,1.0,0.0,-0.0016514054732397199,2.4748666286468506,-2.4748666286468506,-0.0016514054732397199,2.4748666286468506,-2.4748666286468506,213.09375,498.0,94.0,0.0,213.09375,498.0,94.0,0.0,0.0,103.7109375,194.0,69.0,0.0,2.0,2.0,2.0,3.615100013121264e-05,-1.0,5.838511300000391,16.558040092990268,12.10270306055207,0.0,0.0,0.0,16.558040092990268,0.0,133.0,498.0,25.609737329999916,8.982200051832478e-05,6.569336503000159,0.04442155200013076,11.277491785000166,43.74880213100005,4.0504000025975984e-05,6.84655618852352e-05,0.05868193954850399,0.017381648703176503,648816.0,43.74880213100005,926.9053785421451,,,,,,
15,35705.0,45686.0,9981.0,40941.0,40942.0,40941.5625,0.10569892078638077,0.0,0.0013572873358498327,0.0,0.0,0.0,0.0,0.060054708272218704,0.3176976175556644,172.8574481010437,178.77734375,68.36371803283691,1.0,15.0,0.0,0.9404296875,1.0,0.0,0.9404296875,1.0,0.0,-0.0013779670698568225,2.4748666286468506,-2.4748666286468506,-0.0013779670698568225,2.4748666286468506,-2.4748666286468506,215.87548828125,512.0,74.0,0.00146484375,215.87548828125,512.0,74.0,0.00146484375,0.0,103.98046875,189.0,68.0,0.0,2.0,2.0,2.0,3.634899985627271e-05,-1.0,5.494268440990709,17.401072286011185,11.988837526827005,0.0,0.0,0.0,17.401072286011185,0.0,108.0,512.0,26.151257833000273,0.00011798600007750792,6.584294318999127,0.04420321799989324,11.434559536000052,44.46504402699975,5.332199998520082e-05,6.747913260499835e-05,0.05915061948642151,0.01745561056689039,655065.0,44.46504402699975,920.7583933828954,,,,,,
16,36135.0,44771.0,8636.0,39678.0,39679.0,39678.875,0.09680794179439545,0.0,0.0003956115833716467,0.0,0.0,0.0,0.0,0.06432519108057022,0.31351983855251087,172.8574481010437,178.77734375,68.31512832641602,1.0,16.0,0.0,0.96142578125,1.0,0.0,0.96142578125,1.0,0.0,-0.0003924496122635901,2.4748666286468506,-2.4748666286468506,-0.0003924496122635901,2.4748666286468506,-2.4748666286468506,206.8583984375,512.0,90.0,0.0009765625,206.8583984375,512.0,90.0,0.0009765625,0.0,103.1328125,195.0,65.0,0.0,2.0,2.0,2.0,3.532499977154657e-05,-1.0,5.624672562989872,17.26008852099767,11.679625762357245,0.0,0.0,0.0,17.26008852099767,0.0,128.0,512.0,26.142546381000102,9.159799992630724e-05,6.760536118000346,0.04390931699981593,11.236064968000392,44.43395964299998,4.093300049134996e-05,6.916356152961735e-05,0.06170846976249062,0.01769843677523681,634862.0,44.43395964299998,892.9853499169507,,,,,,
17,34357.0,42634.0,8277.0,37965.0,37966.0,37965.125,0.10078033804893494,0.0,-0.00010877030945266597,0.0,0.0,0.0,0.0,0.04659474268555641,0.31281245157786236,172.8574481010437,178.77734375,68.25443458557129,1.0,17.0,0.0,0.9521484375,1.0,0.0,0.9521484375,1.0,0.0,3.055106571991928e-05,2.4748666286468506,-2.4748666286468506,3.055106571991928e-05,2.4748666286468506,-2.4748666286468506,194.8603515625,512.0,85.0,0.00048828125,194.8603515625,512.0,85.0,0.00048828125,0.0,101.7421875,189.0,65.0,0.0,2.0,2.0,2.0,5.891499949939316e-05,-1.0,5.369259656000395,17.034811644,10.996974836400629,0.0,0.0,0.0,17.034811644,0.0,87.0,512.0,25.511287780999737,9.513599979982246e-05,6.555398622999746,0.04458805099966412,10.778139115999693,43.14554402600061,6.185399979585782e-05,7.340297674455194e-05,0.0639262086254673,0.01774348681190911,607442.0,43.14554402600061,879.9315400246488,,,,,,
18,33159.0,43488.0,10329.0,37734.0,37735.0,37734.4375,0.08119206875562668,0.0,0.0009531773771414009,0.0,0.0,0.0,0.0,0.04681316763162613,0.3125849401289048,172.8574481010437,178.77734375,68.24735832214355,1.0,18.0,0.0,0.96728515625,1.0,0.0,0.96728515625,1.0,0.0,-0.001032042084261775,1.6201815605163574,-2.4748666286468506,-0.001032042084261775,1.6201815605163574,-2.4748666286468506,190.16357421875,440.0,82.0,0.0,190.16357421875,440.0,82.0,0.0,0.0,104.63671875,238.0,56.0,0.0,2.0,2.0,2.0,6.344500070554204e-05,-1.0,5.211223345017061,15.03676870901836,10.598785049603915,0.0,0.0,0.0,15.03676870901836,0.0,97.0,439.0,23.220739839999624,9.932000011758646e-05,6.41628876499999,0.04360478700073145,10.715385708999747,40.643441516000166,4.167699989920948e-05,7.222313006642051e-05,0.05962367883324036,0.01774802146745885,603751.0,40.643441516000166,928.4262378505773,,,,,,
19,34073.0,42663.0,8590.0,37748.0,37750.0,37749.625,0.06381931900978088,0.0,-9.671470616012812e-05,0.0,0.0,0.0,0.0,0.041546158492565155,0.3119547264764772,172.8574481010437,178.77734375,68.24707794189453,1.0,19.0,0.0,0.9765625,1.0,0.0,0.9765625,1.0,0.0,0.0001065326141542755,1.6201815605163574,-2.4748666286468506,0.0001065326141542755,1.6201815605163574,-2.4748666286468506,189.4501953125,412.0,73.0,0.0,189.4501953125,412.0,73.0,0.0,0.0,105.46875,232.0,70.0,0.0,2.0,2.0,2.0,3.466599991952535e-05,-1.0,4.6502915939781815,14.810390503029339,10.502299537606849,0.0,0.0,0.0,14.810390503029339,0.0,232.0,411.0,23.12982040099996,9.477700041315984e-05,6.409409051000694,0.044419308000215096,10.746177009999883,40.90152936300001,4.12519993915339e-05,7.354263121854703e-05,0.059613861041665495,0.017791860531726943,603994.0,40.90152936300001,922.939205157173,,,,,,
20,33331.0,40113.0,6782.0,36290.0,36291.0,36290.75,0.054294902831315994,0.0,0.003914489570888691,0.0,0.0,0.0,0.0,0.04905026778578758,0.3174942231135698,172.8574481010437,178.77734375,68.2087733745575,1.0,20.0,0.0,0.94189453125,1.0,0.0,0.94189453125,1.0,0.0,-0.004065292421728373,1.20761239528656,-2.4748666286468506,-0.004065292421728373,1.20761239528656,-2.4748666286468506,178.517578125,404.0,83.0,0.0,178.517578125,404.0,83.0,0.0,0.0,105.00390625,217.0,69.0,0.0,2.0,2.0,2.0,5.7313999604957644e-05,-1.0,4.676757453999016,13.7508377910126,10.03506647952284,0.0,0.0,0.0,13.7508377910126,0.0,135.0,363.0,22.20410183199965,9.463100013817893e-05,6.442063431999486,0.043531024999538204,10.153481743000157,39.09290563800005,6.039500021870481e-05,7.496921563955381e-05,0.06073265563833998,0.01748634594042586,580652.0,39.09290563800005,928.3206097815296,0.9492039423805914,2.0,2.0,2.0,19.89900788399973,30.04418438799985
21,30524.0,38662.0,8138.0,34726.0,34728.0,34727.0,0.046845849603414536,0.0,-0.0010335327970096841,0.0,0.0,0.0,0.0,0.04136946052312851,0.31405948210237555,172.8574481010437,178.77734375,69.199951171875,1.0,21.0,0.0,0.9736328125,1.0,0.0,0.9736328125,1.0,0.0,0.0010404502972960472,1.20761239528656,-2.4748666286468506,0.0010404502972960472,1.20761239528656,-2.4748666286468506,169.53515625,475.0,88.0,0.0,169.53515625,475.0,88.0,0.0,0.0,101.76953125,190.0,69.0,0.0,2.0,2.0,2.0,3.866400038532447e-05,-1.0,5.618370128000606,14.228994660952594,9.573976867396208,0.0,0.0,0.0,14.228994660952594,0.0,131.0,475.0,20.239902352000172,9.981800030800514e-05,6.27820632699968,0.04435163299967826,9.854998789000092,36.659640333000425,6.0446999668783974e-05,7.982195589828925e-05,0.058293306467593405,0.017736557269919826,555632.0,36.659640333000425,947.2815249837382,,,,,,
22,31677.0,37927.0,6250.0,35191.0,35192.0,35191.0625,0.04900334030389786,0.0,0.00527738633172703,0.0,0.0,0.0,0.0,0.06300552189350128,0.31081536964856693,172.8574481010437,178.77734375,68.86189270019531,1.0,22.0,0.0,0.96630859375,1.0,0.0,0.96630859375,1.0,0.0,-0.00542959850281477,0.935412585735321,-2.4748666286468506,-0.00542959850281477,0.935412585735321,-2.4748666286468506,170.16455078125,446.0,78.0,0.0,170.16455078125,446.0,78.0,0.0,0.0,104.765625,184.0,68.0,0.0,2.0,2.0,2.0,3.258700053265784e-05,-1.0,5.094916453999758,14.01597910100827,10.032865930869741,0.0,0.0,0.0,14.01597910100827,0.0,77.0,446.0,22.980412306999824,9.835600030783098e-05,6.304001124000024,0.04455714000050648,10.061526372000117,39.645177766000415,3.957500030082883e-05,7.913433275939466e-05,0.06594149248630497,0.017869463255052537,563057.0,39.645177766000415,887.6505159772482,,,,,,
23,32267.0,40164.0,7897.0,35569.0,35570.0,35569.0625,0.048281580209732056,0.0,0.00011470616300357506,0.0,0.0,0.0,0.0,0.06282494962215424,0.3061643289039373,172.8574481010437,178.77734375,68.8531551361084,1.0,23.0,0.0,0.958984375,1.0,0.0,0.958984375,1.0,0.0,-6.417959957616404e-05,2.4748666286468506,-2.4748666286468506,-6.417959957616404e-05,2.4748666286468506,-2.4748666286468506,173.85986328125,414.0,70.0,0.0,173.85986328125,414.0,70.0,0.0,0.0,104.0234375,194.0,68.0,0.0,2.0,2.0,2.0,3.390399979252834e-05,-1.0,4.383293101000163,13.655622500984464,9.757323459856813,0.0,0.0,0.0,13.655622500984464,0.0,139.0,414.0,22.098520902999553,9.981700077332789e-05,6.302385566999874,0.04438776099959796,10.316905646000123,39.005528265000066,5.051300013292348e-05,7.799573189411086e-05,0.06206316516085421,0.018128299076620523,569105.0,39.005528265000066,911.897981700106,,,,,,
24,31966.0,39253.0,7287.0,35014.0,35016.0,35015.4375,0.04254116863012314,0.0,-0.0005942744755884632,0.0,0.0,0.0,0.0,0.0546666756272316,0.31648577708235925,172.8574481010437,178.77734375,68.88376808166504,1.0,24.0,0.0,0.96337890625,1.0,0.0,0.96337890625,1.0,0.0,0.0004850471159443259,2.4748666286468506,-2.4748666286468506,0.0004850471159443259,2.4748666286468506,-2.4748666286468506,172.13232421875,512.0,80.0,0.00244140625,172.13232421875,512.0,80.0,0.00244140625,0.0,101.42578125,193.0,68.0,0.0,2.0,2.0,2.0,3.788799949688837e-05,-1.0,4.962150085018948,18.812104807992,9.558138899698266,0.0,0.0,0.0,18.812104807992,0.0,74.0,512.0,27.30874546999985,9.842300005402649e-05,6.276498057000026,0.04450839099990844,9.82884045099945,43.70216545900075,4.201599949738011e-05,7.944422906308903e-05,0.07746568481279405,0.01754376275285624,560247.0,43.70216545900075,801.2288895123465,,,,,,
25,32217.0,38192.0,5975.0,36328.0,36331.0,36330.6875,0.04329919070005417,0.0,0.002651130263984669,0.0,0.0,0.0,0.0,0.09600640833377838,0.31222426595438163,172.8574481010437,178.77734375,68.88563132286072,1.0,25.0,0.0,0.95849609375,1.0,0.0,0.95849609375,1.0,0.0,-0.0027328510768711567,2.4748666286468506,-2.4748666286468506,-0.0027328510768711567,2.4748666286468506,-2.4748666286468506,179.81005859375,512.0,84.0,0.00048828125,179.81005859375,512.0,84.0,0.00048828125,0.0,104.0234375,212.0,68.0,0.0,2.0,2.0,2.0,5.576000057772035e-05,-1.0,5.148910505999993,18.250075087998994,10.171652892867574,0.0,0.0,0.0,18.250075087998994,0.0,144.0,512.0,26.60021816399967,9.519300056126667e-05,6.486492910000379,0.043538303999412165,10.338877749999483,43.72577924500001,5.8899000578094274e-05,7.48993258099853e-05,0.07223393327920269,0.017786061972401918,581291.0,43.72577924500001,830.8757014125567,,,,,,
26,30681.0,38924.0,8243.0,34030.0,34033.0,34031.75,0.05275876820087433,0.0,0.0020185924659017473,0.0,0.0,0.0,0.0,0.05487785115838051,0.2948945550310335,172.8574481010437,178.77734375,68.8873405456543,1.0,26.0,0.0,0.96044921875,1.0,0.0,0.96044921875,1.0,0.0,-0.002026121597737074,2.4748666286468506,-2.4748666286468506,-0.002026121597737074,2.4748666286468506,-2.4748666286468506,166.357421875,512.0,77.0,0.00048828125,166.357421875,512.0,77.0,0.00048828125,0.0,99.515625,186.0,62.0,0.0,2.0,2.0,2.0,6.571500034624478e-05,-1.0,4.710742659983225,14.150511290994473,9.34985480946544,0.0,0.0,0.0,14.150511290994473,0.0,96.0,512.0,22.743692879000264,9.60059996941709e-05,6.218476604999523,0.044520213000396325,10.298810747999596,39.5569761480001,4.28769999416545e-05,8.176227530246814e-05,0.06675577598767321,0.018913975089437797,544508.0,39.5569761480001,860.3223328464796,,,,,,
27,31248.0,37721.0,6473.0,34287.0,34290.0,34289.25,0.055475927889347076,0.0,0.0024171866516553564,0.0,0.0,0.0,0.0,0.08054397255182266,0.31226698814630016,172.8574481010437,178.77734375,68.93346500396729,1.0,27.0,0.0,0.97021484375,1.0,0.0,0.97021484375,1.0,0.0,-0.002405622974038124,2.4748666286468506,-2.4748666286468506,-0.002405622974038124,2.4748666286468506,-2.4748666286468506,164.009765625,512.0,76.0,0.00048828125,164.009765625,512.0,76.0,0.00048828125,0.0,103.875,189.0,68.0,0.0,2.0,2.0,2.0,3.4220000088680536e-05,-1.0,4.7703549430007115,17.754742618999444,9.250511626966766,0.0,0.0,0.0,17.754742618999444,0.0,97.0,512.0,26.584814243999972,9.425400003237883e-05,6.250051167000493,0.04392643200026214,9.765748036000332,42.891649193000376,4.091400023753522e-05,8.006596819750749e-05,0.07914691104283511,0.01780030920040598,548628.0,42.891649193000376,799.4388335526107,,,,,,
28,31749.0,39207.0,7458.0,34342.0,34344.0,34342.8125,0.0928555279970169,0.0,0.0012035832605761243,0.0,0.0,0.0,0.0,0.09161930531263351,0.3065747467324544,172.8574481010437,178.77734375,68.90710878372192,1.0,28.0,0.0,0.94482421875,1.0,0.0,0.94482421875,1.0,0.0,-0.001301041105762124,2.4748666286468506,-2.4748666286468506,-0.001301041105762124,2.4748666286468506,-2.4748666286468506,167.23291015625,512.0,68.0,0.0029296875,167.23291015625,512.0,68.0,0.0029296875,0.0,101.0703125,183.0,68.0,0.0,2.0,2.0,2.0,6.161000055726618e-05,-1.0,4.356095304014161,17.93006698897807,9.278787005029976,0.0,0.0,0.0,17.93006698897807,0.0,83.0,512.0,26.523792558999958,9.534300079394598e-05,6.234101711000221,0.0446864679997816,9.955207495999275,43.00538665299973,3.926699992007343e-05,8.132427272770248e-05,0.07744331288230696,0.018117341685395007,549485.0,43.00538665299973,798.570020474505,,,,,,
29,30823.0,39862.0,9039.0,35648.0,35650.0,35649.4375,0.13985507190227509,0.0,0.014467798370787932,0.0,0.0,0.0,0.0,0.0973825603723526,0.3101140950061607,172.8574481010437,178.77734375,68.88977217674255,1.0,29.0,0.0,0.94384765625,1.0,0.0,0.94384765625,1.0,0.0,-0.014857156202197075,2.4748666286468506,-2.4748666286468506,-0.014857156202197075,2.4748666286468506,-2.4748666286468506,173.27294921875,512.0,73.0,0.00341796875,173.27294921875,512.0,73.0,0.00341796875,0.0,105.23828125,177.0,66.0,0.0,2.0,2.0,2.0,3.409300006751437e-05,-1.0,4.540395727000032,18.12171728300018,9.79868606413126,0.0,0.0,0.0,18.12171728300018,0.0,96.0,512.0,26.594038205000288,0.00010859100075322203,6.297055877000275,0.04454426400025113,10.217928432000008,43.40058845900057,4.788800015376182e-05,7.809426165604144e-05,0.07494170484102397,0.01791390192341746,570391.0,43.40058845900057,821.4044732060975,,,,,,
30,30763.0,41492.0,10729.0,35400.0,35404.0,35402.5625,0.1397627592086792,0.0,0.003704242830281146,0.0,0.0,0.0,0.0,0.08738553524017334,0.306355120650851,172.8574481010437,178.77734375,68.88274383544922,1.0,30.0,1.0,0.951171875,1.0,0.0,0.951171875,1.0,0.0,-0.00366479461081326,2.4748666286468506,-2.4748666286468506,-0.00366479461081326,2.4748666286468506,-2.4748666286468506,172.34423828125,512.0,69.0,0.00439453125,172.34423828125,512.0,69.0,0.00439453125,0.0,104.23828125,215.0,69.0,0.0,2.0,2.0,2.0,0.00032924500010267366,-1.0,4.326071962999777,18.253322326985653,9.58222271920277,0.0,0.0,0.0,18.253322326985653,0.0,117.0,512.0,27.169749366999895,0.00012388199957058532,6.471346194000034,0.04687945000023319,10.357768280999153,44.31457682099972,5.380099992180476e-05,8.276139968722813e-05,0.07697663301894514,0.018285696623300842,566441.0,44.31457682099972,798.892035977279,0.9461713419257013,2.0,2.0,2.0,24.745300810000117,29.8068249629996
31,32541.0,37603.0,5062.0,35406.0,35409.0,35408.3125,0.094687819480896,0.0,0.0005753059958806261,0.0,0.0,0.0,0.0,0.05833641067147255,0.31130641459209607,172.8574481010437,178.77734375,69.91832160949707,1.0,31.0,1.0,0.9638671875,1.0,0.0,0.9638671875,1.0,0.0,-0.0005760789499618113,2.4748666286468506,-2.4748666286468506,-0.0005760789499618113,2.4748666286468506,-2.4748666286468506,172.35791015625,512.0,83.0,0.00048828125,172.35791015625,512.0,83.0,0.00048828125,0.0,104.26953125,176.0,69.0,0.0,2.0,2.0,2.0,4.579199958243407e-05,-1.0,5.067258170000059,15.146599793981295,9.94043391766926,0.0,0.0,0.0,15.146599793981295,0.0,97.0,512.0,21.484288091999588,9.930699980031932e-05,6.436305428000196,0.04577047600014339,10.126576745999955,38.34235181499935,3.9198999729705974e-05,8.079048528531152e-05,0.060863902535205315,0.01787464586528932,566533.0,38.34235181499935,923.4778469209193,,,,,,
32,34740.0,39607.0,4867.0,37330.0,37366.0,37335.0625,0.07172640413045883,0.0,-0.0007312747748073889,0.0,0.0,0.0,0.0,0.0824039950966835,0.3099699647180098,172.8574481010437,178.77734375,69.52300953865051,1.0,32.0,1.0,0.958984375,1.0,0.0,0.958984375,1.0,0.0,0.0007410296821035445,2.4748666286468506,-2.4748666286468506,0.0007410296821035445,2.4748666286468506,-2.4748666286468506,184.57861328125,512.0,95.0,0.0009765625,184.57861328125,512.0,95.0,0.0009765625,0.0,107.1015625,180.0,62.0,0.0,2.0,2.0,2.0,6.067300000722753e-05,-1.0,6.287153411016334,19.682831055999486,11.27036604188226,0.0,0.0,0.0,19.682831055999486,0.0,163.0,512.0,29.20368035699994,0.00012001399954897352,6.390171089000432,0.04387633700025617,10.703195924000283,46.586210295000456,4.9656000555842184e-05,7.34502871802079e-05,0.07725493921437379,0.01791746686509545,597361.0,46.586210295000456,801.4187516773977,,,,,,
33,34066.0,40091.0,6025.0,36708.0,36710.0,36709.5,0.06781773269176483,0.0,0.005586244675214402,0.0,0.0,0.0,0.0,0.07472439855337143,0.3113019567085677,172.8574481010437,178.77734375,69.54071044921875,1.0,33.0,1.0,0.9462890625,1.0,0.0,0.9462890625,1.0,0.0,-0.005602570716291666,1.6201815605163574,-2.4748666286468506,-0.005602570716291666,1.6201815605163574,-2.4748666286468506,184.609375,512.0,81.0,0.0029296875,184.609375,512.0,81.0,0.0029296875,0.0,102.18359375,190.0,65.0,0.0,2.0,2.0,2.0,5.771999985881848e-05,-1.0,4.964984127029311,19.036844337009825,10.382480753808412,0.0,0.0,0.0,19.036844337009825,0.0,99.0,512.0,27.579181600000084,0.00012821999916923232,6.369739765999839,0.04399445299986837,10.468113327000538,44.71457784999984,6.368300000758609e-05,7.490304451141457e-05,0.07294535971223044,0.017822555004495665,587352.0,44.71457784999984,820.9738694871774,,,,,,
34,31623.0,39524.0,7901.0,34948.0,34951.0,34949.875,0.051721833646297455,0.0,0.0015195628657238558,0.0,0.0,0.0,0.0,0.08891551941633224,0.30762175927528934,172.8574481010437,178.77734375,69.53433036804199,1.0,34.0,1.0,0.97119140625,1.0,0.0,0.97119140625,1.0,0.0,-0.0016026063822209835,2.4748666286468506,-2.4748666286468506,-0.0016026063822209835,2.4748666286468506,-2.4748666286468506,169.4755859375,512.0,87.0,0.0009765625,169.4755859375,512.0,87.0,0.0009765625,0.0,103.5703125,173.0,70.0,0.0,2.0,2.0,2.0,8.094500026345486e-05,-1.0,5.361316811000506,14.66028497501975,9.4922495854349,0.0,0.0,0.0,14.66028497501975,0.0,102.0,512.0,22.870180939999955,9.638200026529375e-05,6.260591200999443,0.04410703199937416,10.099599228999978,39.521093055000165,3.981600002589403e-05,7.887551815166392e-05,0.06589197184559434,0.018060864361102824,559198.0,39.521093055000165,884.3347260502497,,,,,,
35,30043.0,35942.0,5899.0,33774.0,33776.0,33775.125,0.040252748876810074,0.0,0.005798620521090925,0.0,0.0,0.0,0.0,0.0776892676949501,0.30568313939221503,172.8574481010437,178.77734375,69.49454689025879,1.0,35.0,1.0,0.98193359375,1.0,0.0,0.98193359375,1.0,0.0,-0.006027395371347666,0.5400605201721191,-2.4748666286468506,-0.006027395371347666,0.5400605201721191,-2.4748666286468506,160.3759765625,512.0,87.0,0.00146484375,160.3759765625,512.0,87.0,0.00146484375,0.0,103.4921875,194.0,68.0,0.0,2.0,2.0,2.0,6.330199994408758e-05,-1.0,5.384081049007364,17.539184776018374,9.121630693904752,0.0,0.0,0.0,17.539184776018374,0.0,90.0,512.0,25.958369457999652,0.00010392199965281179,6.339437368999825,0.04390996300026018,9.822781304000273,42.409043860000565,4.1682000301079825e-05,8.125425701655466e-05,0.07903294095904902,0.018176804127298333,540402.0,42.409043860000565,796.4132629704505,,,,,,
36,30674.0,39821.0,9147.0,34539.0,34544.0,34542.3125,0.03862691670656204,0.0,0.0020102698108530603,0.0,0.0,0.0,0.0,0.09095288068056107,0.3142333296534616,172.8574481010437,178.77734375,69.51619338989258,1.0,36.0,1.0,0.93994140625,1.0,0.0,0.93994140625,1.0,0.0,-0.0018921586452051997,2.4748666286468506,-2.4748666286468506,-0.0018921586452051997,2.4748666286468506,-2.4748666286468506,165.81494140625,512.0,79.0,0.00146484375,165.81494140625,512.0,79.0,0.00146484375,0.0,104.046875,201.0,67.0,0.0,2.0,2.0,2.0,5.164699996385025e-05,-1.0,4.970948624017183,17.835469443991315,9.458883456972453,0.0,0.0,0.0,17.835469443991315,0.0,131.0,512.0,26.1490134630003,9.253899952454958e-05,6.4604924129998835,0.043818893000207026,9.771572065000328,42.67549249400054,5.026899998483714e-05,7.928481373425532e-05,0.07700194488926408,0.017680439144383296,552677.0,42.67549249400054,809.4180167892866,,,,,,
37,31203.0,37534.0,6331.0,33593.0,33596.0,33595.75,0.0331655815243721,0.0,0.0018764309024845716,0.0,0.0,0.0,0.0,0.10743492841720581,0.3069513449104213,172.8574481010437,178.77734375,69.55391502380371,1.0,37.0,1.0,0.96728515625,1.0,0.0,0.96728515625,1.0,0.0,-0.0019222706323489547,2.4748666286468506,-2.4748666286468506,-0.0019222706323489547,2.4748666286468506,-2.4748666286468506,160.685546875,459.0,75.0,0.0,160.685546875,459.0,75.0,0.0,0.0,101.78125,189.0,67.0,0.0,2.0,2.0,2.0,4.9496000428916886e-05,-1.0,4.6239224600140005,13.533716425998136,9.143970197567068,0.0,0.0,0.0,13.533716425998136,0.0,134.0,459.0,21.902883231000487,9.4295999588212e-05,6.340631229999417,0.04415061500003503,9.741395322999779,38.677045442000235,4.29579995397944e-05,8.213578912517772e-05,0.0665571198569377,0.018122447264534536,537532.0,38.677045442000235,868.6224507603586,,,,,,
38,31007.0,36266.0,5259.0,33377.0,33396.0,33380.9375,0.030244067311286926,0.0,-0.0007198517669166904,0.0,0.0,0.0,0.0,0.13899418711662292,0.3132621840555113,172.8574481010437,178.77734375,69.55232334136963,1.0,38.0,1.0,0.93017578125,1.0,0.0,0.93017578125,1.0,0.0,0.0007660028641112149,2.4748666286468506,-2.4748666286468506,0.0007660028641112149,2.4748666286468506,-2.4748666286468506,158.37841796875,512.0,71.0,0.0009765625,158.37841796875,512.0,71.0,0.0009765625,0.0,102.41015625,179.0,65.0,0.0,2.0,2.0,2.0,5.958400015515508e-05,-1.0,4.198137401021086,17.06718650899984,8.879549823055843,0.0,0.0,0.0,17.06718650899984,0.0,138.0,512.0,26.225575303999904,0.00010932499935734086,6.189424640000652,0.043358991999411955,9.474317573999542,42.17401728799996,4.096100019523874e-05,8.118217170992418e-05,0.08085354592904745,0.017739011924843975,534095.0,42.17401728799996,791.5048090402829,,,,,,
39,29739.0,35347.0,5608.0,32745.0,32747.0,32745.8125,0.028424080461263657,0.0,0.0017898692767630564,0.0,0.0,0.0,0.0,0.14195133745670319,0.31173243318828786,172.8574481010437,178.77734375,69.52383804321289,1.0,39.0,1.0,0.94384765625,1.0,0.0,0.94384765625,1.0,0.0,-0.0018641932401806116,2.4748666286468506,-2.4748666286468506,-0.0018641932401806116,2.4748666286468506,-2.4748666286468506,152.97509765625,512.0,65.0,0.00537109375,152.97509765625,512.0,65.0,0.00537109375,0.0,102.8515625,193.0,65.0,0.0,2.0,2.0,2.0,5.207000049267663e-05,-1.0,4.161163759010378,17.506372079020366,8.59310118018258,0.0,0.0,0.0,17.506372079020366,0.0,78.0,512.0,25.917766925999786,0.0001093359996957588,6.132482883999728,0.04412473000047612,9.344361007999396,41.67912784500004,4.661700040742289e-05,8.421826836728384e-05,0.08272692631498242,0.017835030448548565,523933.0,41.67912784500004,785.6645326595598,,,,,,
40,30350.0,37380.0,7030.0,33753.0,33758.0,33755.5,0.04625672101974487,0.0,0.0009245179608114995,0.0,0.0,0.0,0.0,0.16109420359134674,0.3033651317764669,172.8574481010437,178.77734375,69.5984058380127,1.0,40.0,1.0,0.96044921875,1.0,0.0,0.96044921875,1.0,0.0,-0.0011464738054201007,2.4748666286468506,-2.4748666286468506,-0.0011464738054201007,2.4748666286468506,-2.4748666286468506,161.08203125,512.0,27.0,0.0048828125,161.08203125,512.0,27.0,0.0048828125,0.0,102.6328125,186.0,65.0,0.0,2.0,2.0,2.0,6.116900021879701e-05,-1.0,1.8847606310155243,17.657533127000534,8.938278356912898,0.0,0.0,0.0,17.657533127000534,0.0,93.0,512.0,26.21588265399987,0.00011016799999197247,6.184258603000671,0.043836095000187925,9.888707403999433,42.575774963000185,6.469299933087314e-05,8.116472685967458e-05,0.07946711282949738,0.018309437358355368,540088.0,42.575774963000185,792.833484048962,0.9196360879454132,2.0,2.0,2.0,23.999719174999882,30.206533143000343
41,28998.0,36288.0,7290.0,32535.0,32536.0,32535.75,0.028605500236153603,0.0,-0.0008796690890449099,0.0,0.0,0.0,0.0,0.16329310834407806,0.3056447053495848,172.8574481010437,178.77734375,70.71989059448242,1.0,41.0,1.0,0.919921875,1.0,0.0,0.919921875,1.0,0.0,0.000848574738483876,1.6201815605163574,-2.4748666286468506,0.000848574738483876,1.6201815605163574,-2.4748666286468506,150.923828125,351.0,73.0,0.0,150.923828125,351.0,73.0,0.0,0.0,103.26171875,180.0,68.0,0.0,2.0,2.0,2.0,7.274800009327009e-05,-1.0,4.483283827999912,11.714408264029771,8.525117721547193,0.0,0.0,0.0,11.714408264029771,0.0,132.0,351.0,17.92754391499966,9.93269995888113e-05,6.148754429999826,0.04323424999984127,9.498645829999987,33.86618650699984,4.10980001106509e-05,8.305143188615843e-05,0.05800067266380126,0.018246555385230068,520572.0,33.86618650699984,960.7149004885788,,,,,,
42,29661.0,36709.0,7048.0,32878.0,32880.0,32879.75,0.033902496099472046,0.0,0.002879657818994019,0.0,0.0,0.0,0.0,0.22075387835502625,0.3110532782659534,172.8574481010437,178.77734375,70.21066665649414,1.0,42.0,1.0,0.90185546875,1.0,0.0,0.90185546875,1.0,0.0,-0.0029302972834557295,2.4748666286468506,-2.4748666286468506,-0.0029302972834557295,2.4748666286468506,-2.4748666286468506,155.560546875,512.0,67.0,0.00439453125,155.560546875,512.0,67.0,0.00439453125,0.0,101.3125,190.0,67.0,0.0,2.0,2.0,2.0,7.809999988239724e-05,-1.0,4.311535301967524,17.62657775200205,8.757432909030445,0.0,0.0,0.0,17.62657775200205,0.0,97.0,512.0,26.082682504999866,9.578800018061884e-05,6.155706921000274,0.04452548399967782,9.404065251000247,41.92856689600012,4.21069998992607e-05,8.463698020757042e-05,0.08186963258189218,0.017875868222462624,526076.0,41.92856689600012,784.1849229322609,,,,,,
43,29215.0,37320.0,8105.0,33582.0,33585.0,33584.25,0.034843143075704575,0.0,0.006497642736576381,0.0,0.0,0.0,0.0,0.1620761603116989,0.3011595501318215,172.8574481010437,178.77734375,70.17572593688965,1.0,43.0,1.0,0.90576171875,1.0,0.0,0.90576171875,1.0,0.0,-0.006933286786079407,2.4748666286468506,-2.4748666286468506,-0.006933286786079407,2.4748666286468506,-2.4748666286468506,160.361328125,512.0,70.0,0.001953125,160.361328125,512.0,70.0,0.001953125,0.0,102.015625,175.0,64.0,0.0,2.0,2.0,2.0,6.858699998701923e-05,-1.0,4.024124180024955,17.341092252987437,8.825712143807358,0.0,0.0,0.0,17.341092252987437,0.0,120.0,512.0,26.400323036999907,8.876599986251676e-05,6.450698629999351,0.04351357699943037,9.90610261799975,43.046035346999815,5.262600006972207e-05,8.097839202794161e-05,0.08038585663784151,0.01843517165412312,537348.0,43.046035346999815,780.1938025017379,,,,,,
44,32075.0,39501.0,7426.0,34823.0,34825.0,34824.3125,0.04141128063201904,0.0,0.003235307102045226,0.0,0.0,0.0,0.0,0.16704516112804413,0.30823422494447006,172.8574481010437,178.77734375,70.20623016357422,1.0,44.0,1.0,0.9140625,1.0,0.0,0.9140625,1.0,0.0,-0.0033035376109182835,2.4748666286468506,-2.4748666286468506,-0.0033035376109182835,2.4748666286468506,-2.4748666286468506,164.22509765625,512.0,61.0,0.00439453125,164.22509765625,512.0,61.0,0.00439453125,0.0,107.83984375,201.0,64.0,0.0,2.0,2.0,2.0,3.586799994081957e-05,-1.0,3.9561039329855703,18.208636674040463,9.16063275554489,0.0,0.0,0.0,18.208636674040463,0.0,77.0,512.0,26.215717824999956,9.349299944005907e-05,6.382572607999464,0.04385936899961962,10.056879588000811,42.94759776200044,4.05509999836795e-05,7.871542510641743e-05,0.07794571994124858,0.01804931466342805,557189.0,42.94759776200044,810.8558875163017,,,,,,
45,32566.0,41394.0,8828.0,35929.0,35930.0,35929.6875,0.045343272387981415,0.0,0.012753567309118807,0.0,0.0,0.0,0.0,0.1765221357345581,0.30228229330789985,172.8574481010437,178.77734375,70.23636436462402,1.0,45.0,1.0,0.923828125,1.0,0.0,0.923828125,1.0,0.0,-0.012628615833818913,2.4748666286468506,-2.4748666286468506,-0.012628615833818913,2.4748666286468506,-2.4748666286468506,178.74755859375,512.0,84.0,0.01611328125,178.74755859375,512.0,84.0,0.01611328125,0.0,101.953125,238.0,56.0,0.0,2.0,2.0,2.0,3.7460999919858295e-05,-1.0,5.1313271479994,18.96976614301093,9.803510437996072,0.0,0.0,0.0,18.96976614301093,0.0,84.0,512.0,27.45976417499969,9.362299988424638e-05,6.305325260000245,0.04395382199982123,10.567955091999465,44.62385822299984,5.568799952015979e-05,7.645805088031525e-05,0.07501130690432203,0.018383048648835772,574875.0,44.62385822299984,805.167659874853,,,,,,
46,33440.0,41408.0,7968.0,38127.0,38128.0,38127.4375,0.040122490376234055,0.0,0.004611379998095799,0.0,0.0,0.0,0.0,0.10752778500318527,0.31237438028925263,172.8574481010437,178.77734375,70.29227828979492,1.0,46.0,1.0,0.91748046875,1.0,0.0,0.91748046875,1.0,0.0,-0.004640269558876753,2.4748666286468506,-2.4748666286468506,-0.004640269558876753,2.4748666286468506,-2.4748666286468506,196.14794921875,512.0,88.0,0.00830078125,196.14794921875,512.0,88.0,0.00830078125,0.0,101.72265625,222.0,68.0,0.0,2.0,2.0,2.0,5.896699985896703e-05,-1.0,5.528268314024899,19.943578454999624,10.838266740146869,0.0,0.0,0.0,19.943578454999624,0.0,120.0,512.0,29.098278436999863,9.232199954567477e-05,6.469604476999848,0.04403697599991574,10.84165320899956,46.705260363999514,4.9774999752116855e-05,7.218714869035543e-05,0.07243585173669594,0.017772065735140802,610039.0,46.705260363999514,816.3413971542419,,,,,,
47,35572.0,46559.0,10987.0,40213.0,40215.0,40214.5,0.039195455610752106,0.0,0.004804201285878662,0.0,0.0,0.0,0.0,0.07939556241035461,0.314860937952421,172.8574481010437,178.77734375,70.32772254943848,1.0,47.0,1.0,0.8955078125,1.0,0.0,0.8955078125,1.0,0.0,-0.004697099328041077,2.4748666286468506,-2.4748666286468506,-0.004697099328041077,2.4748666286468506,-2.4748666286468506,209.7265625,512.0,98.0,0.01513671875,209.7265625,512.0,98.0,0.01513671875,0.0,104.44921875,199.0,67.0,0.0,2.0,2.0,2.0,3.576400013116654e-05,-1.0,6.136039825971238,20.745587897021323,11.71034816843388,0.0,0.0,0.0,20.745587897021323,0.0,85.0,512.0,29.230503245000364,9.418099944014102e-05,6.60286377400007,0.04413446600028692,11.340698009999869,47.46518873599962,5.926500034547644e-05,6.859227703982227e-05,0.06805388164695558,0.017625324836190722,643432.0,47.46518873599962,847.2419697659311,,,,,,
48,38261.0,45997.0,7736.0,42074.0,42076.0,42075.0625,0.0399160198867321,0.0,0.002228804132755613,0.0,0.0,0.0,0.0,0.0841965302824974,0.3199550522263912,172.8574481010437,178.77734375,70.31258082389832,1.0,48.0,1.0,0.9130859375,1.0,0.0,0.9130859375,1.0,0.0,-0.0021939887665212154,2.4748666286468506,-2.4748666286468506,-0.0021939887665212154,2.4748666286468506,-2.4748666286468506,225.75830078125,512.0,94.0,0.01171875,225.75830078125,512.0,94.0,0.01171875,0.0,102.953125,232.0,69.0,0.0,2.0,2.0,2.0,6.179399952088716e-05,-1.0,5.819931293954141,21.39886693196604,12.520912552056533,0.0,0.0,0.0,21.39886693196604,0.0,99.0,512.0,30.312912214999415,9.402600062458077e-05,6.921917341999688,0.04418324600010237,11.675839839000218,49.21242059300039,4.023099972982891e-05,6.563158105840955e-05,0.06556226998635115,0.017343764847349036,673201.0,49.21242059300039,854.9683594711138,,,,,,
49,39946.0,48761.0,8815.0,43261.0,43262.0,43261.4375,0.044906407594680786,0.0,0.007983508300640096,0.0,0.0,0.0,0.0,0.10032349079847336,0.3140128472794226,172.8574481010437,178.77734375,70.31006622314453,1.0,49.0,1.0,0.943359375,1.0,0.0,0.943359375,1.0,0.0,-0.008371436037123203,1.6201815605163574,-2.4748666286468506,-0.008371436037123203,1.6201815605163574,-2.4748666286468506,233.04638671875,512.0,122.0,0.00634765625,233.04638671875,512.0,122.0,0.00634765625,0.0,104.93359375,256.0,68.0,0.0,2.0,2.0,2.0,6.154499988042517e-05,-1.0,7.867451645000074,22.6181761570042,13.591035101887009,0.0,0.0,0.0,22.6181761570042,0.0,106.0,512.0,31.004734572000416,0.00010602700058370829,6.794986240000071,0.044029051000507025,12.217560641000091,50.30882578300043,4.161000015301397e-05,6.360897479497044e-05,0.06496144722898015,0.0176507666917565,692183.0,50.30882578300043,859.9174563644502,,,,,,
50,39340.0,47778.0,8438.0,43167.0,43168.0,43167.6875,0.04716049134731293,0.0,0.004730831977212802,0.0,0.0,0.0,0.0,0.12019959837198257,0.3190399909228185,172.8574481010437,178.77734375,70.32734489440918,1.0,50.0,1.0,0.88916015625,1.0,0.0,0.88916015625,1.0,0.0,-0.004976215772330761,2.4748666286468506,-2.4748666286468506,-0.004976215772330761,2.4748666286468506,-2.4748666286468506,230.85302734375,512.0,99.0,0.0078125,230.85302734375,512.0,99.0,0.0078125,0.0,106.39453125,206.0,67.0,0.0,2.0,2.0,2.0,6.253199990169378e-05,-1.0,6.1531735850003315,22.31236609700136,13.454740624927126,0.0,0.0,0.0,22.31236609700136,0.0,104.0,512.0,31.09248740700059,9.395899996889057e-05,6.768772151999656,0.04481932699945901,12.006749215000127,50.18376160700063,6.065599973226199e-05,6.48913133803192e-05,0.06576426045344011,0.017383878298727676,690683.0,50.18376160700063,860.1923434527496,0.9067475360121304,2.0,2.0,2.0,27.02695190200029,30.644551080999918
51,36888.0,46266.0,9378.0,41076.0,41077.0,41076.3125,0.0377320721745491,0.0,0.0021657038596458733,0.0,0.0,0.0,0.0,0.0995020866394043,0.31259788958016627,172.8574481010437,178.77734375,71.2914047241211,1.0,51.0,1.0,0.9267578125,1.0,0.0,0.9267578125,1.0,0.0,-0.0022040694020688534,2.4748666286468506,-2.4748666286468506,-0.0022040694020688534,2.4748666286468506,-2.4748666286468506,215.99853515625,512.0,106.0,0.0029296875,215.99853515625,512.0,106.0,0.0029296875,0.0,104.91015625,212.0,64.0,0.0,2.0,2.0,2.0,6.404499981726985e-05,-1.0,6.46150062198285,22.43991306799944,12.771526487847702,0.0,0.0,0.0,22.43991306799944,0.0,121.0,512.0,29.596650543999203,0.00010023000049841357,6.664539854000395,0.04488227999991068,11.67364181099947,48.228624618999675,4.097199962416198e-05,6.829100104821769e-05,0.06690549782193257,0.017762125390088677,657221.0,48.228624618999675,851.6998530332955,,,,,,
52,34868.0,46315.0,11447.0,39238.0,39239.0,39238.375,0.03336106613278389,0.0,0.0021671470913133817,0.0,0.0,0.0,0.0,0.09074410051107407,0.31754412865733683,172.8574481010437,178.77734375,70.95063972473145,1.0,52.0,1.0,0.92333984375,1.0,0.0,0.92333984375,1.0,0.0,-0.0020668033976107836,2.4748666286468506,-2.4748666286468506,-0.0020668033976107836,2.4748666286468506,-2.4748666286468506,205.0419921875,512.0,103.0,0.0009765625,205.0419921875,512.0,103.0,0.0009765625,0.0,101.5078125,178.0,66.0,0.0,2.0,2.0,2.0,2.9812000320816878e-05,-1.0,6.700029659958091,19.982324870999946,12.194721098564607,0.0,0.0,0.0,19.982324870999946,0.0,93.0,512.0,29.215272198000093,9.423699975741329e-05,6.751112771999942,0.04362111599948548,10.983230462999927,47.23706823500015,3.9634000131627545e-05,6.948095454941349e-05,0.06957242989955395,0.01749440194548055,627814.0,47.23706823500015,830.6691432413338,,,,,,
53,36867.0,43795.0,6928.0,40104.0,40106.0,40105.75,0.03173796832561493,0.0,0.004342882272396764,0.0,0.0,0.0,0.0,0.08969257771968842,0.3190370634812687,172.8574481010437,178.77734375,70.94624352455139,1.0,53.0,1.0,0.931640625,1.0,0.0,0.931640625,1.0,0.0,-0.0044693369418382645,2.4748666286468506,-2.4748666286468506,-0.0044693369418382645,2.4748666286468506,-2.4748666286468506,209.201171875,512.0,103.0,0.00390625,209.201171875,512.0,103.0,0.00390625,0.0,104.125,216.0,69.0,0.0,2.0,2.0,2.0,3.378200017323252e-05,-1.0,6.249153765000301,20.18582100200001,11.616793383082086,0.0,0.0,0.0,20.18582100200001,0.0,104.0,512.0,29.14738327499981,8.978000005299691e-05,6.668975677999697,0.04393222699945909,11.173823699000422,47.27925434400004,4.496000019571511e-05,6.84631053518808e-05,0.06803078879620163,0.01741306374241914,641692.0,47.27925434400004,848.2737419713476,,,,,,
54,37810.0,43231.0,5421.0,39966.0,39968.0,39967.5625,0.031642407178878784,0.0,0.0007091950465110131,0.0,0.0,0.0,0.0,0.08534810692071915,0.32006660472625725,172.8574481010437,178.77734375,70.93778038024902,1.0,54.0,1.0,0.9453125,1.0,0.0,0.9453125,1.0,0.0,-0.0007802721811458468,2.4748666286468506,-2.4748666286468506,-0.0007802721811458468,2.4748666286468506,-2.4748666286468506,208.58251953125,512.0,96.0,0.001953125,208.58251953125,512.0,96.0,0.001953125,0.0,103.6640625,186.0,63.0,0.0,2.0,2.0,2.0,6.195599962666165e-05,-1.0,6.073664147988893,20.123235572013073,11.756688285039978,0.0,0.0,0.0,20.123235572013073,0.0,116.0,512.0,28.42829095199977,9.962199965229956e-05,6.5299651720006295,0.043460870999297185,11.083393378000437,46.663495868999235,4.1835999581962824e-05,6.796272445826723e-05,0.06654920782719989,0.017331857206078737,639481.0,46.663495868999235,856.5059637238268,,,,,,
55,35270.0,45343.0,10073.0,39569.0,39570.0,39569.0625,0.03310410678386688,0.0,0.004189140981907258,0.0,0.0,0.0,0.0,0.06579290330410004,0.3121514742296947,172.8574481010437,178.77734375,70.93341302871704,1.0,55.0,1.0,0.931640625,1.0,0.0,0.931640625,1.0,0.0,-0.0043931077234447,2.4748666286468506,-2.4748666286468506,-0.0043931077234447,2.4748666286468506,-2.4748666286468506,205.91455078125,512.0,104.0,0.0009765625,205.91455078125,512.0,104.0,0.0009765625,0.0,103.21875,195.0,70.0,0.0,2.0,2.0,2.0,4.7447999349969905e-05,-1.0,6.667205179999655,20.85092784196604,12.053384791992219,0.0,0.0,0.0,20.85092784196604,0.0,103.0,512.0,29.20494102200064,0.0001038229993355344,6.506468479000432,0.04454711200014572,11.253315425999972,47.25554112400005,3.994700000475859e-05,7.036291294516031e-05,0.06925312006506947,0.017774801061435263,633105.0,47.25554112400005,837.3422789968591,,,,,,
56,36463.0,44774.0,8311.0,40123.0,40125.0,40124.0,0.03756587952375412,0.0,0.0062775193437119015,0.0,0.0,0.0,0.0,0.061509840190410614,0.3085768675384707,172.8574481010437,178.77734375,70.88419723510742,1.0,56.0,1.0,0.95361328125,1.0,0.0,0.95361328125,1.0,0.0,-0.0063416375778615475,2.4748666286468506,-2.4748666286468506,-0.0063416375778615475,2.4748666286468506,-2.4748666286468506,209.1171875,512.0,99.0,0.00390625,209.1171875,512.0,99.0,0.00390625,0.0,104.3515625,217.0,68.0,0.0,2.0,2.0,2.0,6.166699949972099e-05,-1.0,6.128337793000355,20.558202916989103,11.855573781294428,0.0,0.0,0.0,20.558202916989103,0.0,78.0,512.0,29.304506718000084,9.504599984211382e-05,6.569459065000046,0.04490756399991369,11.548522875000344,47.71512516100029,4.145799994148547e-05,6.995121996796445e-05,0.06842498860070255,0.017988801706896658,641984.0,47.71512516100029,840.9073614417582,,,,,,
57,36928.0,45048.0,8120.0,40444.0,40446.0,40445.375,0.038094718009233475,0.0,0.004314505105867283,0.0,0.0,0.0,0.0,0.0721520185470581,0.3199494591709236,172.8574481010437,178.77734375,70.91274833679199,1.0,57.0,1.0,0.89794921875,1.0,0.0,0.89794921875,1.0,0.0,-0.004384093452244997,2.4748666286468506,-2.4748666286468506,-0.004384093452244997,2.4748666286468506,-2.4748666286468506,211.5029296875,512.0,106.0,0.00390625,211.5029296875,512.0,106.0,0.00390625,0.0,104.4765625,173.0,69.0,0.0,2.0,2.0,2.0,5.847299962624675e-05,-1.0,6.767881454026792,21.6503651539997,11.991525068272718,0.0,0.0,0.0,21.6503651539997,0.0,90.0,512.0,30.60154739600057,9.332700028608087e-05,6.602192399999694,0.04433200499988743,11.217956896000032,48.71094535300017,3.950399968744023e-05,6.850598646923077e-05,0.07064754061104855,0.01733504278301294,647126.0,48.71094535300017,830.3138998206472,,,,,,
